genotype,resistant,susceptible,resistance,n
C4/C4,87,46,65.41353383,133
C3/C3,28,99,22.04724409,127
C3/C4,94,33,74.01574803,127
C3/L69,36,100,26.47058824,136
L69/L69,9,75,10.71428571,84