resistance,cross
57.14285714,C4/C4
58.62068966,C4/C4
67.5,C4/C4
79.31034483,C4/C4
31.42857143,C3/C3
26.31578947,C3/C3
17.94871795,C3/C3
14.70588235,C3/C3
71.42857143,C3/C4
73.33333333,C3/C4
80.64516129,C3/C4
71.11111111,C3/C4
15.625,C3/L69
33.33333333,C3/L69
26.31578947,C3/L69
30.55555556,C3/L69
14.28571429,L69/L69
4.347826087,L69/L69
12.12121212,L69/L69