Genotype,Lectin-24A,Treatment,Tep1
SD135N,-6.722350121,No infection,-7.042341232
SD51N,-6.197099686,No infection,-4.728787422
SD133N,-6.346169472,No infection,-8.371869087
SD110N,-10.52976894,No infection,-6.060355186
SD94N,-11.27404881,No infection,-9.077312469
SD64N,-9.293743134,No infection,-7.97351265
SD63N,-8.815018654,No infection,-7.021456718
SD116N,-9.130033493,No infection,-7.120648384
SP279N,-5.990879059,No infection,-6.642455101
SP267N,-5.857261658,No infection,-5.296743393
SD77N,-10.04814339,No infection,-7.429690361
SD5N,-8.543210983,No infection,-7.261492729
SD106N,-7.903833389,No infection,-8.203310013
SP15N,-8.164289474,No infection,-8.695386887
SD135N,-1.886242867,Infection,-1.559788704
SD51N,-5.306360245,Infection,-2.662075043
SD133N,-4.409715652,Infection,-3.867702484
SD110N,-5.874422073,Infection,-3.059728622
SD94N,-6.361932755,Infection,-4.177039146
SD64N,-5.619630814,Infection,-2.613016129
SD63N,-5.645804405,Infection,-3.356498718
SD116N,-5.324605942,Infection,-4.411812782
SP279N,-2.649173737,Infection,-3.532047272
SP267N,-4.143681526,Infection,-3.972050667
SD77N,-2.545655251,Infection,-2.455377579
SD5N,-2.942533493,Infection,-2.357466698
SD106N,-2.941765785,Infection,-3.202495575
SP15N,-2.2446661,Infection,-1.893362999