,Sum Sq,Mean Sq,NumDF,DenDF,F value,Pr(>F)
Infection period,100.1799481,33.39331602,3,2,2.434149556,0.304484447
Infection start date-Egg lay date,3.876321481,3.876321481,1,17,0.282557929,0.601907094
Egg lay period,18.88589686,9.442948428,2,2,0.688327829,0.59230203
Infection period:Infection start date-Egg lay date,57.97465928,28.98732964,2,16.99999999,2.112982596,0.151510428
Infection period:Egg lay period,42.80762831,14.26920944,3,16.99999998,1.040130001,0.400038545
Infection start date-Egg lay date:Egg lay period,8.713378265,8.713378265,1,16.99999999,0.63514704,0.436463525
Infection period:Infection start date-Egg lay date:Egg lay period,31.53055748,31.53055748,1,16.99999995,2.298366907,0.14788377
